country,year,population,births,deaths,migration_rate,population_mid2035,population_mid2050,infant_mortality_rate,fertility_rate,population_age_less_than15,population_age_over65,,,,
Algeria,2022,44.9,22.0,5.0,0.0,52.0,60.0,19.0,3.0,31.0,6.0,,,,
Egypt,2022,103.5,21.0,7.0,1.0,123.0,145.0,16.0,3.0,34.0,4.0,,,,
Morocco,2022,36.7,17.0,5.0,-1.0,41.0,44.0,15.0,2.0,25.0,8.0,,,,
Sudan,2022,46.9,34.0,7.0,0.0,64.0,85.0,39.0,5.0,41.0,4.0,,,,
Tunisia,2022,11.8,16.0,8.0,-1.0,13.0,14.0,14.0,2.0,25.0,9.0,,,,
Western Sahara,2022,0.6,17.0,6.0,6.0,1.0,1.0,26.0,2.0,24.0,6.0,,,,
Benin,2022,13.4,36.0,9.0,0.0,19.0,25.0,54.0,5.0,42.0,3.0,,,,
Burkina Faso,2022,22.7,35.0,9.0,-1.0,31.0,41.0,47.0,5.0,44.0,3.0,,,,
Cabo Verde,2022,0.6,15.0,5.0,-2.0,1.0,1.0,11.0,2.0,26.0,6.0,,,,
Cöte d'Ivoire,2022,28.2,34.0,9.0,-1.0,38.0,51.0,57.0,4.0,41.0,2.0,,,,
Gambia,2022,2.7,33.0,8.0,-1.0,4.0,5.0,31.0,5.0,43.0,2.0,,,,
Ghana,2022,33.5,28.0,8.0,0.0,42.0,52.0,32.0,4.0,37.0,4.0,,,,
Guinea,2022,13.9,34.0,10.0,0.0,18.0,24.0,64.0,4.0,42.0,3.0,,,,
Guinea-Bissau,2022,2.1,31.0,9.0,-1.0,3.0,3.0,51.0,4.0,40.0,3.0,,,,
Liberia,2022,5.3,31.0,9.0,-2.0,7.0,9.0,58.0,4.0,41.0,3.0,,,,
Mali,2022,22.6,42.0,9.0,-1.0,33.0,47.0,55.0,6.0,47.0,2.0,,,,
Mauritania,2022,4.7,39.0,7.0,1.0,7.0,10.0,41.0,5.0,42.0,3.0,,,,
Niger,2022,26.2,45.0,8.0,0.0,42.0,67.0,40.0,7.0,49.0,2.0,,,,
Nigeria,2022,218.5,37.0,12.0,0.0,292.0,378.0,72.0,5.0,43.0,3.0,,,,
Senegal,2022,17.9,32.0,5.0,-1.0,24.0,31.0,33.0,4.0,41.0,3.0,,,,
Sierra Leone,2022,8.7,33.0,10.0,2.0,11.0,14.0,75.0,4.0,39.0,3.0,,,,
Togo,2022,8.8,32.0,8.0,0.0,12.0,16.0,44.0,4.0,40.0,3.0,,,,
Burundi,2022,12.9,35.0,7.0,-1.0,18.0,24.0,37.0,5.0,46.0,2.0,,,,
Comoros,2022,0.8,29.0,9.0,-2.0,1.0,1.0,46.0,4.0,38.0,4.0,,,,
Djibouti,2022,1.1,22.0,9.0,1.0,1.0,2.0,39.0,3.0,30.0,5.0,,,,
Eritrea,2022,3.7,29.0,7.0,-4.0,5.0,6.0,29.0,4.0,39.0,4.0,,,,
Ethiopia,2022,123.4,32.0,7.0,0.0,166.0,215.0,47.0,4.0,40.0,3.0,,,,
Kenya,2022,54.0,28.0,8.0,-1.0,69.0,85.0,30.0,3.0,38.0,3.0,,,,
Madagascar,2022,29.6,35.0,7.0,0.0,41.0,56.0,47.0,4.0,39.0,3.0,,,,
Malawi,2022,20.4,33.0,7.0,0.0,28.0,37.0,28.0,4.0,43.0,3.0,,,,
Mauritius,2022,1.3,10.0,11.0,-1.0,1.0,1.0,14.0,1.0,17.0,12.0,,,,
Mayotte,2022,0.3,34.0,3.0,7.0,0.0,1.0,4.0,4.0,44.0,3.0,,,,
Mozambique,2022,33.0,37.0,9.0,0.0,46.0,63.0,52.0,5.0,44.0,3.0,,,,
Réunion,2022,0.9,16.0,7.0,-6.0,1.0,1.0,7.0,3.0,22.0,14.0,,,,
Rwanda,2022,13.8,30.0,6.0,0.0,18.0,23.0,29.0,4.0,38.0,3.0,,,,
Seychelles,2022,0.1,17.0,9.0,0.0,0.0,0.0,11.0,3.0,22.0,12.0,,,,
Somalia,2022,17.6,44.0,12.0,-1.0,26.0,37.0,71.0,6.0,47.0,3.0,,,,
South Sudan,2022,10.9,29.0,11.0,-3.0,14.0,18.0,64.0,5.0,44.0,3.0,,,,
Tanzania,2022,65.5,36.0,6.0,0.0,93.0,130.0,34.0,5.0,43.0,3.0,,,,
Uganda,2022,47.2,37.0,6.0,1.0,66.0,88.0,30.0,5.0,45.0,2.0,,,,
Zambia,2022,20.0,34.0,7.0,0.0,28.0,38.0,38.0,4.0,43.0,2.0,,,,
Zimbabwe,2022,16.3,31.0,9.0,-2.0,21.0,26.0,37.0,4.0,41.0,3.0,,,,
Angola,2022,35.6,39.0,8.0,1.0,51.0,72.0,48.0,5.0,45.0,3.0,,,,
Cameroon,2022,27.9,35.0,9.0,0.0,38.0,51.0,48.0,5.0,42.0,3.0,,,,
Central African Republic,2022,5.6,43.0,11.0,-16.0,8.0,12.0,71.0,6.0,48.0,3.0,,,,
Chad,2022,17.7,43.0,12.0,0.0,26.0,37.0,65.0,6.0,48.0,2.0,,,,
Congo,2022,6.0,31.0,7.0,-1.0,8.0,10.0,32.0,4.0,41.0,3.0,,,,
"Congo, Dem. Rep.",2022,99.0,42.0,10.0,-1.0,148.0,218.0,52.0,6.0,47.0,3.0,,,,
Equatorial Guinea,2022,1.7,30.0,9.0,4.0,2.0,3.0,57.0,4.0,38.0,3.0,,,,
Gabon,2022,2.4,27.0,7.0,1.0,3.0,4.0,29.0,4.0,36.0,4.0,,,,
Säo Tomé and Principe,2022,0.2,28.0,6.0,-4.0,0.0,0.0,12.0,4.0,39.0,4.0,,,,
Botswana,2022,2.6,24.0,9.0,1.0,3.0,4.0,33.0,3.0,33.0,4.0,,,,
Eswatini,2022,1.2,24.0,11.0,-4.0,1.0,2.0,38.0,3.0,35.0,4.0,,,,
Lesotho,2022,2.3,26.0,14.0,-1.0,3.0,3.0,68.0,3.0,34.0,4.0,,,,
Namibia,2022,2.6,27.0,11.0,-2.0,3.0,4.0,28.0,3.0,36.0,4.0,,,,
South Africa,2022,60.6,20.0,12.0,3.0,70.0,80.0,25.0,2.0,28.0,6.0,,,,
Canada,2022,38.8,10.0,8.0,10.0,44.0,49.0,5.0,1.0,16.0,19.0,,,,
Belize,2022,0.4,17.0,5.0,1.0,1.0,1.0,12.0,2.0,36.0,4.0,,,,
Costa Rica,2022,5.2,11.0,6.0,6.0,6.0,6.0,9.0,1.0,22.0,9.0,,,,
El Salvador,2022,6.3,16.0,9.0,-4.0,7.0,7.0,11.0,2.0,25.0,8.0,,,,
Guatemala,2022,17.8,21.0,7.0,-2.0,21.0,25.0,19.0,2.0,32.0,5.0,,,,
Honduras,2022,9.6,21.0,4.0,-1.0,12.0,13.0,15.0,2.0,31.0,6.0,,,,
Mexico,2022,127.5,15.0,9.0,0.0,138.0,144.0,11.0,2.0,25.0,8.0,,,,
Nicaragua,2022,6.7,19.0,5.0,-3.0,8.0,9.0,13.0,2.0,30.0,6.0,,,,
Panama,2022,4.4,15.0,5.0,4.0,5.0,6.0,12.0,2.0,25.0,10.0,,,,
CARIBBEAN,2022,44.0,15.0,10.0,-1.0,46.0,47.0,29.0,2.0,23.0,10.0,,,,
Antigua and Barbuda,2022,0.1,12.0,6.0,9.0,0.0,0.0,6.0,2.0,21.0,9.0,,,,
Bahamas,2022,0.4,11.0,9.0,1.0,0.0,1.0,10.0,1.0,19.0,9.0,,,,
Barbados,2022,0.3,8.0,9.0,0.0,0.0,0.0,11.0,1.0,17.0,16.0,,,,
Cuba,2022,11.1,9.0,15.0,0.0,11.0,10.0,8.0,2.0,16.0,16.0,,,,
Curapao,2022,0.1,9.0,11.0,-14.0,0.0,0.0,6.0,1.0,17.0,20.0,,,,
Dominica,2022,0.1,13.0,9.0,1.0,0.0,0.0,12.0,2.0,20.0,10.0,,,,
Dominican Republic,2022,11.2,18.0,7.0,-1.0,12.0,13.0,27.0,2.0,27.0,7.0,,,,
Grenada,2022,0.1,16.0,8.0,-1.0,0.0,0.0,13.0,2.0,24.0,10.0,,,,
Guadeloupe,2022,0.4,11.0,14.0,-2.0,0.0,0.0,8.0,2.0,18.0,21.0,,,,
Haiti,2022,11.6,23.0,9.0,-3.0,13.0,15.0,46.0,3.0,32.0,5.0,,,,
Jamaica,2022,2.8,12.0,9.0,-2.0,3.0,3.0,11.0,1.0,20.0,7.0,,,,
Martinique,2022,0.3,10.0,14.0,-4.0,0.0,0.0,7.0,2.0,15.0,23.0,,,,
Puerto Rico,2022,3.2,6.0,10.0,-1.0,3.0,3.0,7.0,1.0,13.0,23.0,,,,
St. Kitts-Nevis,2022,0.1,12.0,10.0,-2.0,0.0,0.0,8.0,2.0,20.0,10.0,,,,
St. Lucia,2022,0.2,11.0,10.0,0.0,0.0,0.0,12.0,1.0,18.0,9.0,,,,
St. Vincent and the Grenadines,2022,0.1,12.0,9.0,-1.0,0.0,0.0,14.0,2.0,25.0,9.0,,,,
Trinidad and Tobago,2022,1.4,11.0,8.0,-1.0,1.0,1.0,16.0,2.0,21.0,9.0,,,,
Argentina,2022,46.2,14.0,9.0,0.0,51.0,54.0,9.0,2.0,23.0,12.0,,,,
Bolivia,2022,12.2,22.0,10.0,0.0,15.0,17.0,27.0,3.0,31.0,5.0,,,,
Brazil,2022,214.8,13.0,7.0,0.0,229.0,233.0,14.0,2.0,20.0,10.0,,,,
Chile,2022,19.8,11.0,6.0,12.0,21.0,22.0,7.0,1.0,19.0,13.0,,,,
Colombia,2022,49.1,15.0,8.0,-1.0,52.0,52.0,12.0,2.0,23.0,11.0,,,,
Ecuador,2022,18.0,17.0,7.0,2.0,20.0,22.0,11.0,2.0,26.0,8.0,,,,
French Guiana,2022,0.3,27.0,5.0,-4.0,0.0,1.0,8.0,4.0,32.0,6.0,,,,
Guyana,2022,0.8,20.0,10.0,-5.0,1.0,1.0,23.0,2.0,29.0,6.0,,,,
Paraguay,2022,6.8,21.0,8.0,-1.0,8.0,9.0,15.0,3.0,29.0,6.0,,,,
Peru,2022,33.4,17.0,12.0,-1.0,36.0,39.0,15.0,2.0,25.0,9.0,,,,
Suriname,2022,0.6,17.0,7.0,-3.0,1.0,1.0,17.0,2.0,26.0,8.0,,,,
Uruguay,2022,3.6,10.0,12.0,0.0,4.0,4.0,5.0,2.0,19.0,16.0,,,,
Venezuela,2022,28.3,16.0,8.0,-18.0,33.0,36.0,16.0,2.0,28.0,9.0,,,,
Armenia,2022,3.0,12.0,12.0,1.0,3.0,3.0,7.0,2.0,20.0,12.0,,,,
Azerbaijan,2022,10.2,13.0,8.0,0.0,11.0,11.0,10.0,2.0,22.0,7.0,,,,
Bahrain,2022,1.5,12.0,2.0,-6.0,2.0,2.0,6.0,2.0,20.0,4.0,,,,
Cyprus,2022,1.3,10.0,7.0,2.0,1.0,1.0,2.0,1.0,16.0,15.0,,,,
Georgia,2022,3.7,12.0,16.0,-1.0,4.0,3.0,9.0,2.0,20.0,15.0,,,,
Iraq,2022,44.5,27.0,5.0,-1.0,58.0,75.0,20.0,4.0,38.0,3.0,,,,
Israel,2022,9.5,20.0,5.0,2.0,12.0,16.0,3.0,3.0,28.0,12.0,,,,
Jordan,2022,11.2,18.0,6.0,1.0,13.0,14.0,17.0,2.0,34.0,4.0,,,,
Kuwait,2022,4.1,12.0,2.0,-9.0,5.0,5.0,7.0,2.0,21.0,4.0,,,,
Lebanon,2022,5.5,15.0,8.0,-20.0,5.0,5.0,6.0,2.0,24.0,11.0,,,,
Oman,2022,4.6,19.0,2.0,-6.0,5.0,6.0,8.0,3.0,27.0,3.0,,,,
Palestinian Territory,2022,5.4,29.0,4.0,-2.0,7.0,9.0,12.0,4.0,39.0,4.0,,,,
Qatar,2022,2.7,10.0,1.0,-11.0,3.0,3.0,5.0,2.0,16.0,2.0,,,,
Saudi Arabia,2022,36.7,17.0,3.0,-4.0,43.0,49.0,6.0,2.0,24.0,3.0,,,,
Syria,2022,22.1,20.0,5.0,10.0,33.0,38.0,18.0,3.0,31.0,5.0,,,,
Türkiye,2022,85.2,13.0,6.0,-1.0,96.0,104.0,8.0,2.0,22.0,10.0,,,,
United Arab Emirates,2022,9.4,10.0,2.0,0.0,10.0,11.0,5.0,2.0,15.0,2.0,,,,
Yemen,2022,33.7,30.0,7.0,-1.0,44.0,55.0,47.0,4.0,39.0,3.0,,,,
CENTRAL ASIA,2022,78.0,25.0,6.0,0.0,91.0,105.0,14.0,3.0,31.0,5.0,,,,
Kazakhstan,2022,19.2,23.0,10.0,0.0,22.0,25.0,8.0,3.0,30.0,8.0,,,,
Kyrgyzstan,2022,6.8,24.0,6.0,-1.0,8.0,10.0,14.0,3.0,34.0,4.0,,,,
Tajikistan,2022,10.0,27.0,5.0,0.0,12.0,15.0,27.0,3.0,36.0,3.0,,,,
Turkmenistan,2022,6.4,22.0,7.0,-1.0,7.0,8.0,35.0,3.0,31.0,5.0,,,,
Uzbekistan,2022,35.6,26.0,5.0,-1.0,41.0,47.0,9.0,3.0,29.0,5.0,,,,
Afghanistan,2022,41.1,36.0,7.0,-5.0,56.0,74.0,45.0,5.0,43.0,2.0,,,,
Bangladesh,2022,171.2,18.0,6.0,-1.0,191.0,204.0,23.0,2.0,26.0,6.0,,,,
Bhutan,2022,0.8,14.0,4.0,0.0,1.0,1.0,15.0,2.0,24.0,6.0,,,,
India,2022,1417.2,20.0,6.0,0.0,1568.0,1671.0,28.0,2.0,25.0,7.0,,,,
Iran,2022,88.6,14.0,6.0,0.0,95.0,99.0,11.0,2.0,24.0,8.0,,,,
Maldives,2022,0.6,13.0,3.0,2.0,1.0,1.0,7.0,2.0,20.0,3.0,,,,
Nepal,2022,30.9,20.0,8.0,10.0,35.0,38.0,23.0,2.0,29.0,6.0,,,,
Pakistan,2022,235.8,28.0,7.0,-2.0,298.0,368.0,52.0,4.0,37.0,4.0,,,,
Sri Lanka,2022,22.0,13.0,7.0,-4.0,23.0,22.0,6.0,2.0,25.0,8.0,,,,
Brunei,2022,0.0,14.0,4.0,-2.0,1.0,1.0,8.0,2.0,20.0,6.0,,,,
Cambodia,2022,17.0,22.0,7.0,-2.0,20.0,22.0,12.0,3.0,29.0,6.0,,,,
Indonesia,2022,276.0,16.0,10.0,0.0,301.0,317.0,18.0,2.0,25.0,7.0,,,,
Laos,2022,8.0,21.0,7.0,1.0,9.0,10.0,49.0,3.0,32.0,4.0,,,,
Malaysia,2022,33.0,14.0,5.0,7.0,37.0,40.0,6.0,2.0,24.0,7.0,,,,
Myanmar,2022,54.0,17.0,10.0,-1.0,58.0,60.0,34.0,2.0,25.0,7.0,,,,
Philippines,2022,116.0,22.0,7.0,-1.0,138.0,158.0,21.0,3.0,30.0,5.0,,,,
Singapore,2022,6.0,9.0,6.0,3.0,6.0,6.0,2.0,1.0,14.0,16.0,,,,
Thailand,2022,67.0,10.0,8.0,0.0,67.0,63.0,6.0,2.0,17.0,12.0,,,,
Timor-Leste,2022,1.0,25.0,7.0,-2.0,2.0,2.0,33.0,3.0,35.0,5.0,,,,
Vietnam,2022,99.0,15.0,7.0,0.0,106.0,108.0,10.0,2.0,22.0,9.0,,,,
China,2022,1437.0,8.0,7.0,0.0,1410.0,1323.0,6.0,1.0,18.0,14.0,,,,
"China, Hong Kong SAR",2022,7.0,5.0,7.0,-1.0,8.0,8.0,2.0,1.0,11.0,20.0,,,,
"China, Macao SAR",2022,1.0,7.0,3.0,6.0,1.0,1.0,2.0,1.0,15.0,12.0,,,,
Japan,2022,125.0,7.0,12.0,-1.0,115.0,102.0,2.0,1.0,12.0,29.0,,,,
"Korea, North",2022,26.0,13.0,9.0,0.0,27.0,26.0,14.0,2.0,19.0,12.0,,,,
"Korea, South",2022,52.0,5.0,6.0,0.0,51.0,47.0,3.0,1.0,12.0,16.0,,,,
Mongolia,2022,3.0,22.0,6.0,0.0,4.0,5.0,6.0,3.0,32.0,4.0,,,,
Taiwan,2022,23.0,7.0,8.0,7.0,23.0,22.0,4.0,1.0,12.0,17.0,,,,
Channel Islands,2022,0.0,10.0,8.0,7.0,0.0,0.0,7.0,2.0,15.0,16.0,,,,
Denmark,2022,6.0,11.0,10.0,5.0,6.0,6.0,3.0,2.0,16.0,20.0,,,,
Estonia,2022,1.0,9.0,14.0,5.0,1.0,1.0,2.0,2.0,16.0,20.0,,,,
Finland,2022,6.0,9.0,10.0,4.0,6.0,6.0,2.0,2.0,15.0,23.0,,,,
Iceland,2022,0.0,13.0,6.0,13.0,0.0,1.0,3.0,2.0,19.0,15.0,,,,
Ireland,2022,5.0,12.0,7.0,2.0,5.0,6.0,3.0,2.0,20.0,15.0,,,,
Latvia,2022,2.0,9.0,18.0,-2.0,2.0,1.0,3.0,2.0,16.0,21.0,,,,
Lithuania,2022,3.0,9.0,17.0,7.0,3.0,2.0,3.0,1.0,15.0,20.0,,,,
Norway,2022,5.0,10.0,8.0,4.0,6.0,6.0,2.0,2.0,17.0,18.0,,,,
Sweden,2022,11.0,11.0,9.0,4.0,11.0,12.0,2.0,2.0,18.0,20.0,,,,
United Kingdom,2022,68.0,10.0,10.0,3.0,70.0,72.0,4.0,2.0,18.0,19.0,,,,
Austria,2022,9.0,10.0,10.0,6.0,9.0,10.0,3.0,2.0,14.0,19.0,,,,
Belgium,2022,12.0,10.0,10.0,5.0,12.0,13.0,3.0,2.0,17.0,20.0,,,,
France,2022,66.0,11.0,10.0,2.0,69.0,71.0,3.0,2.0,17.0,21.0,,,,
Germany,2022,83.0,10.0,12.0,-3.0,82.0,80.0,3.0,2.0,14.0,22.0,,,,
Liechtenstein,2022,0.0,9.0,8.0,7.0,0.0,0.0,2.0,2.0,15.0,19.0,,,,
Luxembourg,2022,1.0,10.0,7.0,13.0,1.0,1.0,5.0,1.0,16.0,15.0,,,,
Monaco,2022,0.4,25.0,16.0,11.0,0.0,0.0,4.0,2.0,13.0,36.0,,,,
Netherlands,2022,18.0,10.0,9.0,7.0,19.0,20.0,4.0,2.0,15.0,20.0,,,,
Switzerland,2022,9.0,10.0,8.0,6.0,10.0,10.0,4.0,2.0,15.0,19.0,,,,
Belarus,2022,9.0,9.0,13.0,1.0,9.0,8.0,3.0,1.0,17.0,16.0,,,,
Bulgaria,2022,7.0,9.0,22.0,2.0,6.0,6.0,6.0,2.0,15.0,22.0,,,,
Czechia,2022,11.0,11.0,13.0,5.0,11.0,11.0,2.0,2.0,16.0,21.0,,,,
Hungary,2022,10.0,9.0,15.0,0.0,10.0,9.0,3.0,2.0,15.0,20.0,,,,
Moldova,2022,4.0,11.0,17.0,-3.0,3.0,3.0,9.0,2.0,16.0,12.0,,,,
Poland,2022,38.0,9.0,14.0,14.0,37.0,34.0,4.0,1.0,15.0,19.0,,,,
Romania,2022,19.0,9.0,17.0,1.0,18.0,17.0,6.0,2.0,16.0,19.0,,,,
Russia,2022,144.0,10.0,15.0,1.0,143.0,137.0,5.0,2.0,18.0,16.0,,,,
Slovakia,2022,5.0,10.0,14.0,0.0,5.0,5.0,6.0,2.0,16.0,17.0,,,,
Ukraine,2022,41.0,7.0,17.0,1.0,38.0,34.0,7.0,1.0,15.0,17.0,,,,
Albania,2022,3.0,10.0,11.0,-12.0,3.0,2.0,10.0,1.0,16.0,16.0,,,,
Andorra,2022,0.0,6.0,5.0,18.0,0.0,0.0,6.0,1.0,13.0,15.0,,,,
Bosnia-Herzegovina,2022,3.0,7.0,14.0,-8.0,3.0,3.0,4.0,1.0,15.0,18.0,,,,
Croatia,2022,4.0,9.0,17.0,0.0,4.0,3.0,4.0,2.0,14.0,22.0,,,,
Greece,2022,11.0,8.0,12.0,1.0,10.0,10.0,3.0,1.0,14.0,23.0,,,,
Italy,2022,59.0,7.0,12.0,3.0,57.0,54.0,3.0,1.0,13.0,24.0,,,,
Kosovo,2022,2.0,15.0,8.0,2.0,2.0,2.0,15.0,2.0,24.0,9.0,,,,
Malta,2022,1.0,9.0,8.0,1.0,1.0,1.0,4.0,1.0,13.0,19.0,,,,
Montenegro,2022,1.0,11.0,15.0,-2.0,1.0,1.0,3.0,2.0,18.0,16.0,,,,
North Macedonia,2022,2.0,10.0,16.0,0.0,2.0,2.0,6.0,1.0,17.0,17.0,,,,
Portugal,2022,10.0,8.0,12.0,2.0,10.0,10.0,2.0,1.0,13.0,23.0,,,,
San Marino,2022,0.0,6.0,9.0,2.0,0.0,0.0,9.0,1.0,14.0,19.0,,,,
Serbia,2022,7.0,9.0,20.0,0.0,6.0,6.0,5.0,2.0,14.0,21.0,,,,
Slovenia,2022,2.0,9.0,11.0,9.0,2.0,2.0,2.0,2.0,15.0,21.0,,,,
Spain,2022,47.0,7.0,9.0,3.0,48.0,50.0,3.0,1.0,14.0,20.0,,,,
OCEANIA,2022,44.0,16.0,7.0,0.0,55.0,66.0,15.0,2.0,23.0,13.0,,,,
Australia,2022,26.0,12.0,7.0,0.0,33.0,41.0,3.0,2.0,19.0,17.0,,,,
Federated States of Micronesia,2022,0.0,21.0,6.0,-6.0,0.0,0.0,30.0,3.0,30.0,6.0,,,,
Fiji,2022,1.0,19.0,9.0,-6.0,1.0,1.0,15.0,3.0,29.0,6.0,,,,
French Polynesia,2022,0.0,13.0,5.0,-1.0,0.0,0.0,5.0,2.0,21.0,10.0,,,,
Guam,2022,0.0,17.0,7.0,-1.0,0.0,0.0,5.0,3.0,27.0,10.0,,,,
Kiribati,2022,0.0,27.0,6.0,-2.0,0.0,0.0,38.0,3.0,36.0,4.0,,,,
Marshall Islands,2022,0.0,19.0,8.0,-44.0,0.0,0.0,24.0,3.0,32.0,5.0,,,,
Nauru,2022,0.0,28.0,7.0,-5.0,0.0,0.0,15.0,4.0,39.0,2.0,,,,
New Caledonia,2022,0.0,14.0,6.0,-4.0,0.0,0.0,11.0,2.0,22.0,11.0,,,,
New Zealand,2022,5.0,11.0,7.0,-1.0,6.0,6.0,5.0,2.0,19.0,16.0,,,,
Palau,2022,0.0,15.0,13.0,0.0,0.0,0.0,15.0,2.0,21.0,10.0,,,,
Papua New Guinea,2022,9.0,26.0,7.0,1.0,12.0,15.0,34.0,3.0,34.0,3.0,,,,
Samoa,2022,0.0,29.0,5.0,-7.0,0.0,0.0,15.0,5.0,38.0,5.0,,,,
Solomon Islands,2022,1.0,30.0,5.0,-1.0,1.0,1.0,16.0,4.0,39.0,3.0,,,,
Tonga,2022,0.0,23.0,7.0,-9.0,0.0,0.0,10.0,3.0,34.0,6.0,,,,
Tuvalu,2022,0.0,25.0,10.0,-1.0,0.0,0.0,20.0,3.0,32.0,6.0,,,,
Vanuatu,2022,0.0,29.0,5.0,-1.0,0.0,1.0,20.0,4.0,39.0,4.0,,,,
Algeria,2021,45,22,5,-1,55,58,17,3,30,6,,,,
Egypt,2021,102,23,6,0,123,143,16,3,34,5,,,,
Libya,2021,7,18,5,0,8,9,10,2,28,5,,,,
Morocco,2021,36,18,5,-1,41,44,18,2,27,8,,,,
Sudan,2021,45,31,7,-1,62,81,40,4,40,4,,,,
Tunisia,2021,12,16,7,-1,13,13,14,2,25,8,,,,
Western Sahara,2021,1,19,5,9,1,1,26,2,27,3,,,,
Benin,2021,13,43,8,0,20,31,55,6,46,2,,,,
Burkina Faso,2021,22,37,8,-1,31,43,49,5,44,2,,,,
Cabo Verde,2021,1,18,6,-2,1,1,15,2,28,5,,,,
Cöte d'Ivoire,2021,27,35,10,0,38,51,56,5,42,3,,,,
Gambia,2021,3,33,8,-1,4,5,42,4,44,3,,,,
Ghana,2021,32,31,6,0,43,55,37,4,38,4,,,,
Guinea,2021,14,35,8,0,19,26,48,5,43,3,,,,
Guinea-Bissau,2021,2,33,8,-4,3,4,35,4,43,3,,,,
Liberia,2021,5,33,7,-1,7,9,63,4,40,3,,,,
Mali,2021,21,45,9,-2,32,47,54,6,47,2,,,,
Mauritania,2021,5,33,7,1,7,9,50,4,40,3,,,,
Niger,2021,25,47,10,-1,41,66,69,7,50,3,,,,
Nigeria,2021,211,37,11,0,295,401,58,5,43,3,,,,
Senegal,2021,17,35,6,-1,25,36,29,5,43,3,,,,
Sierra Leone,2021,8,33,11,-1,11,14,75,4,40,3,,,,
Togo,2021,8,33,6,-2,11,15,44,4,40,4,,,,
Burundi,2021,12,36,6,-1,18,26,40,5,43,3,,,,
Comoros,2021,1,31,7,-2,1,2,50,4,39,3,,,,
Djibouti,2021,1,20,7,1,1,1,31,3,29,5,,,,
Eritrea,2021,4,29,7,-7,5,6,30,4,41,5,,,,
Ethiopia,2021,118,32,6,0,161,208,47,4,40,3,,,,
Kenya,2021,55,27,5,0,72,90,30,3,38,3,,,,
Madagascar,2021,28,37,6,0,42,59,40,5,40,3,,,,
Malawi,2021,20,29,5,0,27,34,35,4,40,4,,,,
Mauritius,2021,1,11,9,-1,1,1,15,2,17,12,,,,
Mayotte,2021,0,35,4,4,0,1,4,5,44,3,,,,
Mozambique,2021,32,39,11,-2,46,66,49,5,45,3,,,,
Réunion,2021,1,15,6,-9,1,1,7,2,22,13,,,,
Rwanda,2021,13,32,5,-1,18,23,33,4,37,3,,,,
Seychelles,2021,0,16,7,-16,0,0,12,2,24,8,,,,
Somalia,2021,16,49,11,-2,25,38,65,7,46,3,,,,
South Sudan,2021,11,34,10,-8,15,20,61,5,41,3,,,,
Tanzania,2021,62,34,5,0,90,124,32,5,42,3,,,,
Uganda,2021,47,39,6,0,70,98,42,5,46,2,,,,
Zambia,2021,19,36,6,0,28,39,42,5,43,3,,,,
Zimbabwe,2021,15,33,8,-6,20,26,47,4,42,3,,,,
Angola,2021,34,43,8,0,53,82,62,6,48,2,,,,
Cameroon,2021,27,37,8,0,39,55,48,5,42,3,,,,
Central African Republic,2021,5,46,12,-5,7,9,65,6,44,3,,,,
Chad,2021,17,47,10,0,26,37,79,6,47,2,,,,
Congo,2021,6,32,7,0,8,11,33,4,41,3,,,,
"Congo, Dem. Rep.",2021,93,44,8,-1,142,212,64,6,46,2,,,,
Equatorial Guinea,2021,1,32,9,10,2,3,61,4,37,2,,,,
Gabon,2021,2,30,7,1,3,4,33,4,37,4,,,,
Säo Tomé and Principe,2021,0,28,5,-7,0,0,10,4,42,3,,,,
Botswana,2021,2,21,9,3,3,3,27,3,30,6,,,,
Eswatini,2021,1,24,10,-6,1,1,43,3,33,4,,,,
Lesotho,2021,2,21,12,-5,2,3,62,3,33,5,,,,
Namibia,2021,3,27,8,-2,3,4,30,3,37,4,,,,
South Africa,2021,60,19,12,3,72,83,24,2,28,6,,,,
Canada,2021,38,10,8,2,44,49,4,2,16,18,,,,
United States of America,2021,332,11,10,1,352,363,5,2,18,17,,,,
Belize,2021,0,20,5,3,1,1,13,2,36,4,,,,
Costa Rica,2021,5,11,5,4,6,6,8,1,22,9,,,,
El Salvador,2021,7,19,6,-5,7,7,13,2,26,8,,,,
Guatemala,2021,18,23,5,-2,20,23,20,3,32,5,,,,
Honduras,2021,9,21,5,-1,12,14,16,3,31,6,,,,
Mexico,2021,129,17,6,0,142,148,13,2,25,8,,,,
Nicaragua,2021,7,20,4,-6,8,9,0,2,30,6,,,,
Panama,2021,4,16,5,2,5,6,11,2,26,9,,,,
Antigua and Barbuda,2021,0,15,7,0,0,0,15,2,21,9,,,,
Bahamas,2021,0,16,6,3,0,1,13,2,23,7,,,,
Barbados,2021,0,11,9,0,0,0,9,2,17,17,,,,
Cuba,2021,11,9,10,-1,11,11,5,2,16,15,,,,
Curapao,2021,0,10,9,-17,0,0,8,2,17,18,,,,
Dominica,2021,0,10,10,1,0,0,20,2,22,11,,,,
Dominican Republic,2021,11,18,7,-3,12,13,22,2,27,7,,,,
Grenada,2021,0,16,10,-2,0,0,15,2,24,10,,,,
Guadeloupe,2021,0,12,10,-3,0,0,7,2,18,21,,,,
Haiti,2021,12,23,8,-3,13,15,51,3,32,5,,,,
Jamaica,2021,3,13,7,-4,3,3,11,2,23,9,,,,
Martinique,2021,0,10,10,-14,0,0,9,2,16,23,,,,
Puerto Rico,2021,3,6,9,-8,3,2,7,1,16,21,,,,
St. Kitts-Nevis,2021,0,13,8,1,0,0,9,2,20,11,,,,
St. Lucia,2021,0,12,7,0,0,0,16,1,19,9,,,,
St. Vincent and the Grenadines,2021,0,13,9,-3,0,0,12,2,22,10,,,,
Trinidad and Tobago,2021,1,12,8,-1,1,1,11,1,21,9,,,,
Argentina,2021,46,16,7,0,51,55,9,2,24,12,,,,
Bolivia,2021,12,21,6,-1,14,16,21,3,30,7,,,,
Brazil,2021,213,13,7,0,229,233,12,2,21,10,,,,
Chile,2021,20,12,6,12,21,22,6,2,20,12,,,,
Colombia,2021,51,15,6,2,58,62,17,2,24,9,,,,
Ecuador,2021,18,19,6,0,21,23,10,2,29,7,,,,
French Guiana,2021,0,28,3,-12,0,1,9,4,32,6,,,,
Guyana,2021,1,19,8,-7,1,1,26,2,28,7,,,,
Paraguay,2021,7,20,6,0,8,9,24,2,29,7,,,,
Peru,2021,33,17,8,0,37,39,15,2,25,9,,,,
Suriname,2021,1,17,7,3,1,1,21,2,26,8,,,,
Uruguay,2021,4,11,10,0,4,4,7,2,20,14,,,,
Venezuela,2021,29,18,8,-3,34,37,28,2,25,8,,,,
Armenia,2021,3,12,12,-2,3,3,7,2,20,12,,,,
Azerbaijan,2021,10,14,6,0,11,10,11,2,22,7,,,,
Bahrain,2021,2,14,2,-19,2,2,6,2,20,3,,,,
Cyprus,2021,1,11,7,4,1,1,3,1,17,14,,,,
Georgia,2021,4,13,14,-2,4,3,8,2,20,15,,,,
Iraq,2021,40,27,4,-1,52,64,23,4,36,3,,,,
Israel,2021,9,19,5,2,12,16,3,3,28,12,,,,
Jordan,2021,11,22,6,-8,12,14,14,3,35,4,,,,
Kuwait,2021,5,12,2,7,5,6,8,2,21,4,,,,
Lebanon,2021,7,17,5,-17,6,7,9,2,25,8,,,,
Oman,2021,5,18,2,10,5,6,8,3,27,3,,,,
Palestinian Territory,2021,5,30,4,-1,7,9,12,4,38,3,,,,
Qatar,2021,3,10,1,11,3,4,5,2,14,2,,,,
Saudi Arabia,2021,36,15,4,5,44,50,13,2,25,3,,,,
Syria,2021,20,22,5,13,32,37,0,3,31,5,,,,
Turkey,2021,84,14,5,4,96,103,9,2,23,10,,,,
United Arab Emirates,2021,10,10,2,2,11,10,5,1,15,1,,,,
Yemen,2021,31,29,6,-1,40,48,42,4,39,3,,,,
Kazakhstan,2021,19,22,9,-1,22,24,7,3,29,8,,,,
Kyrgyzstan,2021,7,24,6,-1,8,9,15,3,33,5,,,,
Tajikistan,2021,10,29,5,-2,13,16,26,4,37,3,,,,
Turkmenistan,2021,6,24,7,-1,7,9,32,3,31,5,,,,
Uzbekistan,2021,35,25,5,0,40,44,10,3,29,5,,,,
Afghanistan,2021,40,32,6,-2,55,71,47,4,47,3,,,,
Bangladesh,2021,172,19,6,-2,197,216,34,2,27,5,,,,
Bhutan,2021,1,16,6,0,1,1,21,2,25,6,,,,
India,2021,1393,20,6,0,1553,1639,32,2,26,7,,,,
Iran,2021,85,14,5,-1,92,95,6,2,25,7,,,,
Maldives,2021,1,12,2,-1,1,1,10,2,20,4,,,,
Nepal,2021,30,19,7,-1,37,40,25,2,28,6,,,,
Pakistan,2021,225,28,6,-1,287,347,60,4,36,5,,,,
Sri Lanka,2021,22,14,6,-2,22,20,9,2,25,8,,,,
Brunei,2021,1,13,4,0,1,1,8,2,20,6,,,,
Cambodia,2021,16,21,6,-2,18,20,21,2,31,5,,,,
Indonesia,2021,275,16,7,-1,302,318,21,2,23,6,,,,
Laos,2021,8,23,7,-2,9,10,51,3,32,4,,,,
Malaysia,2021,33,15,5,2,37,40,6,2,23,7,,,,
Myanmar,2021,56,20,9,0,61,63,42,2,27,6,,,,
Philippines,2021,110,22,6,-1,129,143,18,3,30,6,,,,
Singapore,2021,6,9,5,-6,6,6,2,1,15,15,,,,
Thailand,2021,67,9,8,0,67,64,6,1,17,12,,,,
Timor-Leste,2021,1,26,8,0,2,2,30,4,38,5,,,,
Vietnam,2021,100,16,6,0,112,118,14,2,23,8,,,,
China,2021,1412,8,7,0,1384,1267,9,1,18,14,,,,
"China, Hong Kong SAR",2021,8,6,7,-5,8,8,2,1,12,18,,,,
"China, Macao SARh",2021,1,8,3,0,1,1,1,1,13,13,,,,
Japan,2021,125,7,11,0,124,110,2,1,12,29,,,,
"Korea, North",2021,26,14,9,0,27,27,12,2,20,9,,,,
"Korea, South",2021,52,5,6,1,52,48,3,1,12,17,,,,
Mongolia,2021,3,23,5,0,4,5,13,3,32,4,,,,
Taiwan,2021,24,7,7,-1,23,20,4,1,13,16,,,,
Channel Islands,2021,0,10,8,6,0,0,6,2,15,18,,,,
Denmark,2021,6,10,9,2,6,6,3,2,16,20,,,,
Estonia,2021,1,10,12,3,1,1,1,2,16,20,,,,
Finland,2021,6,8,10,3,6,5,2,1,16,23,,,,
Iceland,2021,0,12,6,6,0,0,2,2,19,15,,,,
Ireland,2021,5,11,6,6,6,6,3,2,20,14,,,,
Latvia,2021,2,9,16,-2,2,1,3,2,16,21,,,,
Lithuania,2021,3,9,16,7,3,2,3,1,15,20,,,,
Norway,2021,5,10,8,2,6,6,2,2,17,18,,,,
Sweden,2021,10,11,9,3,11,12,2,2,18,20,,,,
United Kingdom,2021,68,10,10,3,71,74,4,2,18,19,,,,
Austria,2021,9,9,10,4,9,10,3,1,14,19,,,,
Belgium,2021,12,10,11,4,12,13,4,2,17,19,,,,
France,2021,65,11,10,2,68,69,3,2,18,21,,,,
Germany,2021,83,9,12,3,84,83,3,2,14,22,,,,
Liechtenstein,2021,0,9,7,7,0,0,4,2,14,19,,,,
Luxembourg,2021,1,10,7,12,1,1,5,1,16,15,,,,
Monaco,2021,0,7,7,1,0,0,0,2,13,26,,,,
Netherlands,2021,18,10,10,4,19,20,4,2,16,19,,,,
Switzerland,2021,9,10,9,7,10,10,3,2,15,19,,,,
Belarus,2021,9,9,13,1,9,9,3,1,17,16,,,,
Bulgaria,2021,7,9,18,4,6,6,5,2,14,22,,,,
Czechia,2021,11,10,12,3,11,11,2,2,16,20,,,,
Hungary,2021,10,9,14,1,10,9,3,2,15,20,,,,
Moldova,2021,4,9,10,0,3,3,9,1,16,12,,,,
Poland,2021,38,9,13,0,37,35,4,1,15,19,,,,
Romania,2021,19,8,13,1,18,16,6,1,16,19,,,,
Russia,2021,146,10,15,2,142,140,5,2,18,15,,,,
Slovakia,2021,6,10,11,1,5,5,5,2,16,17,,,,
Ukraine,2021,41,7,15,0,36,31,7,1,15,17,,,,
Albania,2021,3,10,10,0,3,2,10,1,17,15,,,,
Andorra,2021,0,7,5,5,0,0,1,1,13,14,,,,
Bosnia-Herzegovina,2021,4,7,12,0,3,3,6,1,15,18,,,,
Croatia,2021,4,9,15,2,4,3,4,2,14,21,,,,
Greece,2021,11,8,12,3,10,10,4,1,14,22,,,,
Italy,2021,59,7,13,-1,58,55,3,1,13,24,,,,
Kosovoi,2021,2,10,6,-12,2,2,8,2,25,9,,,,
Malta,2021,1,9,7,40,1,1,7,1,13,18,,,,
Montenegro,2021,1,12,11,1,1,1,2,2,18,16,,,,
North Macedonia,2021,2,9,12,0,2,2,6,1,16,15,,,,
Portugal,2021,10,8,12,4,10,10,2,1,13,21,,,,
San Marino,2021,0,7,10,5,0,0,4,1,14,19,,,,
Serbia,2021,7,9,17,-1,6,6,5,2,14,21,,,,
Slovenia,2021,2,9,10,8,2,2,2,2,15,21,,,,
Spain,2021,47,7,10,5,48,50,3,1,14,20,,,,
Australia,2021,26,11,6,0,31,37,3,2,19,16,,,,
Federated States of Micronesia,2021,0,23,5,-15,0,0,22,3,31,4,,,,
Fiji,2021,1,18,8,-6,1,1,13,3,29,6,,,,
French Polynesia,2021,0,14,6,-4,0,0,10,2,22,8,,,,
Guam,2021,0,18,6,-3,0,0,11,3,27,10,,,,
Kiribati,2021,0,26,8,-1,0,0,41,3,36,4,,,,
Marshall Islands,2021,0,24,4,-21,0,0,23,3,37,3,,,,
Nauru,2021,0,32,8,-9,0,0,25,4,38,2,,,,
New Caledonia,2021,0,15,6,-1,0,0,5,2,22,9,,,,
New Zealand,2021,5,11,6,9,6,6,4,2,19,16,,,,
Palau,2021,0,13,9,-3,0,0,12,2,20,10,,,,
Papua New Guinea,2021,9,28,10,0,12,15,33,4,36,3,,,,
Samoa,2021,0,26,5,-16,0,0,15,4,39,5,,,,
Solomon Islands,2021,1,30,5,-3,1,1,19,4,39,4,,,,
Tonga,2021,0,22,6,-20,0,0,10,3,35,6,,,,
Tuvalu,2021,0,26,9,-9,0,0,10,3,32,7,,,,
Vanuatu,2021,0,27,4,0,0,1,21,4,38,4,,,,
Algeria,2020,44,24,5,0,53,61,21,3,30,6,,,,
Egypt,2020,101,23,6,0,129,158,15,3,34,5,,,,
Libya,2020,7,24,4,0,8,10,12,3,34,4,,,,
Morocco,2020,36,17,5,-1,41,44,18,2,26,7,,,,
Sudan,2020,44,32,7,-1,62,81,42,4,41,4,,,,
Tunisia,2020,12,17,6,-2,13,13,14,2,25,8,,,,
Western Sahara,2020,1,20,5,10,1,1,27,2,27,3,,,,
Benin,2020,12,42,9,0,20,31,55,6,46,2,,,,
Burkina Faso,2020,21,38,8,-1,31,43,52,5,45,2,,,,
Cabo Verde,2020,1,19,6,-2,1,1,16,2,28,5,,,,
Cöte d'Ivoire,2020,26,35,10,0,38,51,58,5,42,3,,,,
Gambia,2020,2,33,8,-1,4,5,41,4,44,3,,,,
Ghana,2020,31,30,7,0,43,57,37,4,37,3,,,,
Guinea,2020,13,38,10,0,19,28,65,5,45,4,,,,
Guinea-Bissau,2020,2,37,8,-4,3,4,55,5,44,3,,,,
Liberia,2020,5,33,7,-1,7,9,63,4,41,3,,,,
Mali,2020,20,46,10,-4,32,47,54,6,48,3,,,,
Mauritania,2020,5,34,7,1,7,9,52,5,40,3,,,,
Niger,2020,24,48,10,-1,42,66,69,7,51,3,,,,
Nigeria,2020,206,37,12,0,295,401,67,5,44,3,,,,
Senegal,2020,17,34,6,-1,25,36,42,5,43,3,,,,
Sierra Leone,2020,8,33,12,-1,11,14,75,4,41,3,,,,
Togo,2020,8,35,8,0,12,17,42,5,41,3,,,,
Burundi,2020,12,37,6,-3,18,26,41,5,44,3,,,,
Comoros,2020,1,32,7,-2,1,2,52,4,40,3,,,,
Djibouti,2020,1,21,7,1,1,1,32,3,30,5,,,,
Eritrea,2020,4,30,7,-10,5,6,33,4,42,4,,,,
Ethiopia,2020,115,33,6,0,161,209,39,4,40,3,,,,
Kenya,2020,54,28,5,0,72,90,35,4,39,3,,,,
Madagascar,2020,28,37,6,0,44,61,40,5,40,3,,,,
Malawi,2020,19,34,7,-1,28,38,40,4,44,3,,,,
Mauritius,2020,1,10,9,-1,1,1,15,1,18,11,,,,
Mayotte,2020,0,36,3,0,0,1,4,5,44,3,,,,
Mozambique,2020,31,39,11,-2,46,66,55,5,46,3,,,,
Réunion,2020,1,15,6,-1,1,1,7,2,22,13,,,,
Rwanda,2020,13,32,5,-1,18,23,28,4,40,3,,,,
Seychelles,2020,0,16,8,-2,0,0,14,2,24,8,,,,
Somalia,2020,16,42,11,-2,24,35,68,6,47,3,,,,
South Sudan,2020,11,35,10,-13,15,20,63,5,42,3,,,,
Tanzania,2020,60,37,6,-1,90,129,40,5,44,3,,,,
Uganda,2020,46,39,6,1,70,98,45,5,47,2,,,,
Zambia,2020,18,37,6,0,29,43,42,5,44,2,,,,
Zimbabwe,2020,15,33,8,-6,20,26,47,4,42,3,,,,
Angola,2020,33,44,9,0,53,82,66,6,48,2,,,,
Cameroon,2020,27,38,8,0,39,55,48,5,42,3,,,,
Central African Republic,2020,5,35,12,-7,7,8,80,5,44,3,,,,
Chad,2020,17,43,11,0,26,38,72,6,48,2,,,,
Congo,2020,6,33,7,-1,8,11,34,4,42,3,,,,
"Congo, Dem. Rep.",2020,90,44,9,-1,142,212,68,6,46,3,,,,
Equatorial Guinea,2020,1,33,9,12,2,3,65,5,37,2,,,,
Gabon,2020,2,26,6,7,3,4,33,4,37,4,,,,
Säo Tomé and Principe,2020,0,26,6,-7,0,0,31,3,38,3,,,,
Botswana,2020,2,21,9,3,3,3,28,3,31,5,,,,
eSwatini,2020,1,25,10,-6,1,1,45,3,34,4,,,,
Lesotho,2020,2,23,14,-4,2,2,62,3,32,5,,,,
Namibia,2020,3,28,8,-2,3,4,32,3,37,4,,,,
Canada,2020,38,10,8,14,44,49,5,2,16,18,,,,
United States of America,2020,330,12,9,2,362,386,6,2,18,16,,,,
Latin America and the Caribbean,2020,651,16,6,-1,724,759,14,2,24,9,,,,
Belize,2020,0,20,5,3,1,1,13,2,36,4,,,,
Costa Rica,2020,5,13,5,3,6,6,8,2,22,9,,,,
El Salvador,2020,7,19,6,-4,7,6,12,2,26,8,,,,
Guatemala,2020,18,22,5,0,23,28,20,3,37,5,,,,
Honduras,2020,10,19,5,-2,12,13,15,2,30,5,,,,
Mexico,2020,128,17,6,0,142,148,11,2,27,7,,,,
Nicaragua,2020,7,21,4,5,8,9,16,2,31,5,,,,
Panama,2020,4,19,5,1,5,6,14,2,26,8,,,,
Antigua and Barbuda,2020,0,11,6,0,0,0,9,2,21,9,,,,
Bahamas,2020,0,14,7,3,0,1,6,2,22,7,,,,
Barbados,2020,0,11,9,0,0,0,10,2,17,16,,,,
Cuba,2020,11,10,10,-2,11,10,4,2,16,15,,,,
Curaqao,2020,0,10,9,-17,0,0,8,2,17,18,,,,
Dominica,2020,0,10,10,1,0,0,20,2,22,11,,,,
Dominican Republic,2020,11,19,6,-3,12,13,22,2,27,6,,,,
Grenada,2020,0,16,10,-2,0,0,21,2,24,10,,,,
Guadeloupe,2020,0,11,9,-14,0,0,8,2,18,21,,,,
Haiti,2020,11,24,8,-3,13,15,59,3,33,5,,,,
Jamaica,2020,3,16,8,-9,3,2,12,2,26,9,,,,
Martinique,2020,0,10,9,-13,0,0,10,2,15,23,,,,
Puerto Rico,2020,3,7,9,-14,3,2,7,1,15,20,,,,
St. Kitts-Nevis,2020,0,13,7,0,0,0,8,2,20,9,,,,
Saint Lucia,2020,0,12,7,0,0,0,12,1,19,9,,,,
St. Vincent and the Grenadines,2020,0,14,9,-2,0,0,14,2,22,10,,,,
Trinidad and Tobago,2020,1,13,9,-1,1,1,17,2,21,9,,,,
Argentina,2020,45,17,8,0,51,56,9,2,24,12,,,,
Bolivia,2020,12,22,6,-2,14,17,29,3,31,7,,,,
Brazil,2020,212,14,6,0,229,233,10,2,21,9,,,,
Chile,2020,20,12,6,13,21,22,6,2,19,12,,,,
Colombia,2020,49,13,5,4,54,55,14,2,24,9,,,,
Ecuador,2020,18,17,4,1,21,23,11,2,29,7,,,,
French Guiana,2020,0,27,4,1,0,1,10,4,32,6,,,,
Guyana,2020,1,20,8,-7,1,1,26,2,28,7,,,,
Paraguay,2020,7,21,6,-2,8,9,17,3,30,6,,,,
Peru,2020,33,19,5,-3,37,40,15,2,26,8,,,,
Suriname,2020,1,17,6,-2,1,1,17,3,27,7,,,,
Uruguay,2020,4,13,9,0,4,4,7,2,20,14,,,,
Venezuela,2020,29,18,7,-21,34,36,28,2,26,8,,,,
Western Asia,2020,281,20,5,3,344,389,18,3,28,6,,,,
Armenia,2020,3,12,9,-5,3,3,6,2,20,12,,,,
Azerbaijan,2020,10,14,6,0,11,11,11,2,22,7,,,,
Bahrain,2020,2,14,2,22,2,2,6,2,19,3,,,,
Cyprus,2020,1,11,7,4,1,1,3,2,17,14,,,,
Georgia,2020,4,13,13,-3,4,4,8,2,20,15,,,,
Iraq,2020,40,27,4,0,52,64,23,4,37,3,,,,
Israel,2020,9,20,5,3,11,14,3,3,28,12,,,,
Jordan,2020,11,22,4,1,13,14,17,3,34,4,,,,
Kuwait,2020,5,14,2,7,5,6,7,2,22,3,,,,
Lebanon,2020,7,17,5,-12,6,7,9,2,26,7,,,,
Oman,2020,5,21,2,19,6,6,9,3,22,3,,,,
Palestinian Territory,2020,5,30,4,-2,7,9,17,4,38,3,,,,
Qatar,2020,3,10,1,15,3,4,6,2,14,1,,,,
Saudi Arabia,2020,35,15,3,4,43,48,12,2,25,3,,,,
Syria,2020,19,24,5,19,28,33,17,3,34,5,,,,
Turkey,2020,84,18,5,2,97,105,9,2,23,9,,,,
United Arab Emirates,2020,10,11,1,4,11,10,6,1,15,1,,,,
Yemen,2020,30,30,6,-1,40,48,43,4,39,3,,,,
Kazakhstan,2020,19,21,7,-1,22,24,8,3,28,7,,,,
Kyrgyzstan,2020,7,27,5,-1,8,9,15,3,32,5,,,,
Tajikistan,2020,9,25,4,0,13,16,27,4,34,3,,,,
Turkmenistan,2020,6,23,7,-1,7,8,43,3,31,4,,,,
Uzbekistan,2020,34,23,5,0,40,44,11,3,29,5,,,,
Afghanistan,2020,39,33,6,-2,55,71,50,5,43,3,,,,
Bangladesh,2020,170,21,5,-2,197,216,34,2,28,5,,,,
Bhutan,2020,1,16,7,0,1,1,15,2,26,6,,,,
India,2020,1400,20,6,0,1576,1663,33,2,27,6,,,,
Iran,2020,84,17,5,0,93,95,6,2,24,6,,,,
Maldives,2020,1,19,4,15,1,1,7,2,20,4,,,,
Nepal,2020,30,21,7,-1,37,41,34,2,29,6,,,,
Pakistan,2020,221,28,6,-1,287,348,62,4,36,4,,,,
Sri Lanka,2020,22,15,6,-3,23,22,9,2,25,8,,,,
Brunei,2020,1,14,4,0,1,1,9,2,21,5,,,,
Cambodia,2020,16,22,6,-2,19,20,22,3,31,5,,,,
Indonesia,2020,272,18,7,0,308,329,25,2,27,6,,,,
Laos,2020,7,23,7,-2,9,9,52,3,32,4,,,,
Malaysia,2020,33,16,5,-4,38,41,7,2,23,7,,,,
Myanmar,2020,55,18,8,-3,60,63,37,2,28,6,,,,
Philippines,2020,110,22,6,-1,135,159,21,3,30,5,,,,
Singapore,2020,6,9,5,5,6,6,2,1,15,14,,,,
Thailand,2020,67,10,8,0,67,63,7,2,17,12,,,,
Timor-Leste,2020,1,30,6,-4,2,2,30,4,37,4,,,,
Vietnam,2020,96,16,6,-1,105,108,14,2,23,8,,,,
China,2020,1402,10,7,0,1424,1366,9,2,17,13,,,,
"China, Hong Kong SAN",2020,8,7,6,1,8,8,2,1,12,16,,,,
"China, Macao SAN",2020,1,9,3,13,1,1,2,1,13,12,,,,
Japan,2020,126,7,11,2,124,110,2,1,12,29,,,,
"Korea, North",2020,26,14,9,0,27,27,12,2,20,9,,,,
"Korea, South",2020,52,6,6,0,52,48,3,1,12,16,,,,
Mongolia,2020,3,25,6,0,4,5,16,4,31,4,,,,
Taiwan,2020,24,8,7,0,23,21,4,1,13,16,,,,
Channel Islands,2020,0,9,8,9,0,0,6,1,15,17,,,,
Denmark,2020,6,11,9,2,6,6,3,2,16,20,,,,
Estonia,2020,1,11,12,4,1,1,2,2,16,20,,,,
Finland,2020,6,8,10,3,6,5,2,1,16,22,,,,
Iceland,2020,0,12,6,14,0,0,2,2,19,14,,,,
Ireland,2020,5,12,6,7,6,6,3,2,20,14,,,,
Latvia,2020,2,10,14,-1,2,2,3,2,16,20,,,,
Lithuania,2020,3,10,14,4,3,2,3,2,15,20,,,,
Norway,2020,5,10,8,4,6,6,2,2,17,18,,,,
Sweden,2020,10,11,9,7,11,12,2,2,18,20,,,,
United Kingdom,2020,67,11,9,3,71,74,4,2,18,19,,,,
Austria,2020,9,10,9,4,9,10,3,2,14,19,,,,
Belgium,2020,12,10,10,4,12,12,3,2,17,19,,,,
France,2020,65,11,9,0,69,71,4,2,18,21,,,,
Germany,2020,83,10,12,4,82,79,3,2,14,22,,,,
Liechtenstein,2020,0,10,7,4,0,0,4,2,15,18,,,,
Luxembourg,2020,1,10,7,18,1,1,4,1,16,15,,,,
Monaco,2020,0,6,7,1,0,0,0,2,13,26,,,,
Netherlands,2020,18,10,9,6,18,18,4,2,16,19,,,,
Switzerland,2020,9,10,8,6,10,10,3,1,15,18,,,,
Belarus,2020,9,9,13,1,9,9,3,1,17,15,,,,
Bulgaria,2020,7,9,16,0,6,6,6,2,14,22,,,,
Czechia,2020,11,11,11,4,11,11,3,2,16,20,,,,
Hungary,2020,10,9,13,4,10,9,4,2,15,20,,,,
Moldova,2020,4,9,10,1,3,3,10,1,16,12,,,,
Poland,2020,38,10,11,0,37,34,4,1,15,18,,,,
Romania,2020,19,11,14,2,18,16,6,1,16,19,,,,
Russia,2020,147,11,13,0,142,137,5,2,18,15,,,,
Slovakia,2020,6,10,10,10,5,5,5,2,16,17,,,,
Ukraine,2020,42,8,14,0,38,34,7,1,15,17,,,,
Albania,2020,3,10,8,-8,3,2,9,2,17,14,,,,
Andorra,2020,0,7,4,15,0,0,3,1,13,15,,,,
Bosnia-Herzegovina,2020,3,8,11,-4,3,3,6,1,15,17,,,,
Croatia,2020,4,9,13,-3,4,3,4,2,14,20,,,,
Greece,2020,11,8,11,2,10,9,4,1,14,22,,,,
Italy,2020,60,7,11,2,60,58,3,1,13,23,,,,
Kosovo,2020,2,12,5,-9,2,2,8,2,24,9,,,,
Malta,2020,1,9,8,20,1,1,7,1,14,19,,,,
Montenegro,2020,1,12,11,-1,1,1,2,2,18,15,,,,
North Macedonia,2020,2,10,10,2,2,2,6,1,16,14,,,,
Portugal,2020,10,9,11,1,10,9,3,1,14,22,,,,
San Marino,2020,0,7,7,5,0,0,4,1,15,18,,,,
Serbia,2020,7,9,15,0,8,7,5,2,14,20,,,,
Slovenia,2020,2,10,10,1,2,2,2,2,15,19,,,,
Spain,2020,48,8,9,4,49,50,3,1,15,19,,,,
Australia,2020,26,13,6,9,32,37,3,2,19,16,,,,
Federated States of Micronesia,2020,0,24,5,-16,0,0,29,3,32,4,,,,
Fiji,2020,1,18,8,-6,1,1,14,2,29,6,,,,
French Polynesia,2020,0,15,6,-4,0,0,7,2,23,8,,,,
Guam,2020,0,18,6,-4,0,0,10,3,25,10,,,,
Kiribati,2020,0,26,7,-1,0,0,41,3,35,4,,,,
Marshall Islands,2020,0,25,4,-18,0,0,23,4,39,3,,,,
Nauru,2020,0,29,8,-11,0,0,35,4,40,13,,,,
New Caledonia,2020,0,17,6,4,0,0,4,2,23,9,,,,
New Zealand,2020,5,12,7,9,6,6,5,2,19,16,,,,
Palau,2020,0,14,9,-3,0,0,17,2,20,7,,,,
Papua New Guinea,2020,9,32,11,0,12,15,33,4,36,3,,,,
Samoa,2020,0,27,5,-15,0,0,14,4,38,5,,,,
Solomon Islands,2020,1,30,5,-2,1,1,19,4,40,4,,,,
Tonga,2020,0,24,7,-19,0,0,17,4,36,6,,,,
Tuvalu,2020,0,25,9,-12,0,0,21,4,31,5,,,,
Vanuatu,2020,0,29,4,0,0,1,28,4,39,4,,,,
Algeria,2019,43,25,5,0,53,61,21,3,30,6,,,,
Egypt,2019,99,25,6,0,129,158,15,3,34,4,,,,
Libya,2019,7,19,5,0,8,9,10,2,28,4,,,,
Morocco,2019,36,17,5,-2,41,44,20,2,26,7,,,,
Sudan,2019,43,33,7,-1,62,81,43,5,41,4,,,,
Tunisia,2019,12,17,6,-2,13,13,14,2,25,8,,,,
Western Sahara,2019,1,20,5,10,1,1,28,2,28,3,,,,
Benin,2019,12,42,9,0,19,28,55,6,43,3,,,,
Burkina Faso,2019,20,38,8,-1,31,43,55,5,45,2,,,,
Cabo Verde,2019,1,20,6,-3,1,1,17,2,29,5,,,,
Cöte d'Ivoire,2019,26,35,10,0,38,51,61,5,42,3,,,,
Gambia,2019,2,39,8,-1,4,5,45,5,44,3,,,,
Ghana,2019,30,30,7,0,41,52,37,4,38,3,,,,
Guinea,2019,12,39,10,0,19,28,66,5,45,4,,,,
Guinea-Bissau,2019,2,37,9,-4,3,4,56,5,44,3,,,,
Liberia,2019,5,32,8,-1,7,9,55,4,42,3,,,,
Mali,2019,20,46,10,-4,32,47,54,6,48,3,,,,
Mauritania,2019,5,34,7,1,7,9,54,5,40,3,,,,
Niger,2019,23,47,9,0,41,66,47,7,50,3,,,,
Nigeria,2019,201,38,12,0,295,401,67,5,44,3,,,,
Senegal,2019,16,34,6,-2,24,33,42,5,43,3,,,,
Sierra Leone,2019,8,32,12,-1,11,13,56,4,41,3,,,,
Togo,2019,8,34,9,0,12,15,50,4,42,3,,,,
Burundi,2019,12,40,8,0,18,25,43,6,45,2,,,,
Comoros,2019,1,32,7,-2,1,2,54,4,39,3,,,,
Djibouti,2019,1,22,7,1,1,1,36,3,30,4,,,,
Eritrea,2019,4,31,7,-12,5,6,36,4,42,4,,,,
Ethiopia,2019,112,33,7,0,160,205,38,4,42,4,,,,
Kenya,2019,53,29,6,0,73,92,37,4,41,2,,,,
Madagascar,2019,27,36,6,0,44,61,40,5,41,3,,,,
Malawi,2019,19,35,7,-1,27,35,43,4,45,3,,,,
Mauritius,2019,1,10,9,-1,1,1,14,1,18,11,,,,
Mayotte,2019,0,37,3,0,0,1,4,5,44,3,,,,
Mozambique,2019,30,38,9,0,47,65,55,5,45,3,,,,
Réunion,2019,1,16,6,-5,1,1,7,3,23,12,,,,
Rwanda,2019,13,32,5,-1,18,23,30,4,40,3,,,,
Seychelles,2019,0,17,8,-2,0,0,11,3,23,8,,,,
Somalia,2019,15,42,11,-3,24,35,70,6,47,3,,,,
South Sudan,2019,11,35,11,-15,15,20,65,5,42,3,,,,
Tanzania,2019,58,37,7,-1,90,129,42,5,44,3,,,,
Uganda,2019,44,39,7,3,67,89,47,5,47,2,,,,
Zambia,2019,18,37,7,-1,28,39,42,5,46,2,,,,
Zimbabwe,2019,15,30,10,-8,19,24,52,4,40,5,,,,
Angola,2019,31,44,9,0,53,82,68,6,48,2,,,,
Cameroon,2019,26,37,10,0,39,55,48,5,43,3,,,,
Central African Republic,2019,5,36,13,-10,7,8,83,5,45,3,,,,
Chad,2019,16,44,11,0,26,38,73,6,48,2,,,,
Congo,2019,5,33,7,-1,8,11,36,5,42,3,,,,
"Congo, Dem. Rep.",2019,87,42,10,0,137,195,66,6,46,3,,,,
Equatorial Guinea,2019,1,34,10,13,2,3,67,5,37,3,,,,
Gabon,2019,2,27,6,9,3,4,34,4,38,4,,,,
Säo Tomé and Principe,2019,0,26,6,-8,0,0,33,3,28,3,,,,
Botswana,2019,2,22,10,3,3,3,30,3,32,5,,,,
eSwatini,2019,1,26,11,-7,1,1,49,3,35,4,,,,
Lesotho,2019,2,27,15,-5,2,3,53,3,33,5,,,,
Namibia,2019,3,29,8,-2,3,4,34,3,37,4,,,,
South Africa,2019,59,20,9,4,71,82,22,2,29,6,,,,
Canada,2019,37,10,8,11,43,47,5,2,16,17,,,,
United States of America,2019,329,12,9,3,364,388,6,2,19,16,,,,
Belize,2019,0,21,5,3,1,1,14,2,36,4,,,,
Costa Rica,2019,5,14,5,2,6,6,8,2,22,9,,,,
El Salvador,2019,7,20,7,-6,7,8,17,2,28,8,,,,
Guatemala,2019,18,23,5,-1,23,27,20,3,35,5,,,,
Honduras,2019,10,22,4,-1,12,14,15,3,33,5,,,,
Mexico,2019,127,17,6,-1,142,148,13,2,27,7,,,,
Nicaragua,2019,7,21,5,-3,8,9,17,2,31,5,,,,
Panama,2019,4,19,5,1,5,6,14,2,26,8,,,,
Antigua and Barbuda,2019,0,12,6,0,0,0,10,2,22,9,,,,
Bahamas,2019,0,14,7,3,0,0,6,2,23,7,,,,
Barbados,2019,0,11,9,0,0,0,10,2,18,15,,,,
Cuba,2019,11,10,10,-2,11,10,4,2,16,14,,,,
Curaqao,2019,0,11,9,-11,0,0,10,2,18,17,,,,
Dominica,2019,0,12,8,1,0,0,20,2,22,11,,,,
Dominican Republic,2019,10,19,6,-3,12,13,24,2,28,6,,,,
Grenada,2019,0,17,10,-2,0,0,15,2,23,10,,,,
Guadeloupe,2019,0,11,8,-13,0,0,8,2,19,19,,,,
Haiti,2019,11,25,9,-3,13,15,59,3,34,5,,,,
Jamaica,2019,3,17,8,-9,3,2,13,2,27,9,,,,
Martinique,2019,0,10,9,-13,0,0,9,2,16,21,,,,
Puerto Rico,2019,3,7,9,-16,3,3,7,1,15,21,,,,
St. Kitts-Nevis,2019,0,14,9,3,0,0,8,2,20,9,,,,
Saint Lucia,2019,0,12,7,0,0,0,13,2,19,9,,,,
St. Vincent and the Grenadines,2019,0,14,9,-2,0,0,15,2,23,9,,,,
Trinidad and Tobago,2019,1,13,8,-1,1,1,17,2,21,9,,,,
Argentina,2019,45,17,8,0,51,56,10,2,25,11,,,,
Bolivia,2019,12,22,6,-2,14,17,30,3,32,7,,,,
Brazil,2019,209,14,6,0,229,233,10,2,22,9,,,,
Chile,2019,19,12,6,6,21,22,7,2,19,12,,,,
Colombia,2019,50,16,6,4,55,56,14,2,23,9,,,,
Ecuador,2019,17,20,5,2,21,23,14,3,29,7,,,,
French Guiana,2019,0,26,3,9,0,1,10,4,32,6,,,,
Guyana,2019,1,20,7,-8,1,1,27,3,29,6,,,,
Paraguay,2019,7,21,5,-2,8,9,17,3,30,6,,,,
Peru,2019,32,18,5,2,37,40,13,2,26,8,,,,
Suriname,2019,1,17,6,-2,1,1,20,2,28,7,,,,
Uruguay,2019,4,13,9,0,4,4,9,2,20,14,,,,
Venezuela,2019,29,18,7,-20,39,42,25,2,28,7,,,,
Armenia,2019,3,12,9,-3,3,2,7,2,20,12,,,,
Azerbaijan,2019,10,14,6,0,11,11,11,2,22,7,,,,
Bahrain,2019,2,14,2,29,2,2,6,2,20,3,,,,
Cyprus,2019,1,11,6,4,1,1,3,2,17,14,,,,
Georgia,2019,4,14,13,-3,4,4,8,2,20,15,,,,
Iraq,2019,39,29,5,1,55,71,23,4,39,3,,,,
Israel,2019,9,21,5,3,11,13,3,3,28,11,,,,
Jordan,2019,10,22,4,0,12,13,17,3,34,4,,,,
Kuwait,2019,4,15,2,12,5,5,7,2,21,2,,,,
Lebanon,2019,7,17,4,-7,6,7,9,2,26,7,,,,
Oman,2019,5,20,2,22,6,7,9,3,22,3,,,,
Palestinian Territory,2019,5,30,2,-2,7,9,18,4,39,3,,,,
Qatar,2019,3,10,1,19,4,4,6,2,14,1,,,,
Saudi Arabia,2019,34,16,3,4,43,48,13,2,25,3,,,,
Syria,2019,17,24,6,-27,29,33,16,3,32,4,,,,
Turkey,2019,83,15,5,5,97,105,9,2,23,9,,,,
United Arab Emirates,2019,10,11,1,4,11,10,6,1,14,1,,,,
Yemen,2019,29,31,6,-1,40,48,43,4,40,3,,,,
Kazakhstan,2019,19,23,7,-1,21,25,9,3,25,7,,,,
Kyrgyzstan,2019,7,25,5,-1,8,8,15,3,33,5,,,,
Tajikistan,2019,9,25,4,0,13,16,27,4,34,3,,,,
Turkmenistan,2019,6,24,7,-1,7,8,44,3,31,4,,,,
Uzbekistan,2019,34,22,5,-1,39,47,11,2,28,4,,,,
Afghanistan,2019,38,33,7,-1,55,71,53,5,44,3,,,,
Bangladesh,2019,164,18,5,-2,185,193,22,2,29,5,,,,
Bhutan,2019,1,16,7,0,1,1,15,2,26,6,,,,
India,2019,1392,20,6,0,1583,1670,33,2,27,6,,,,
Iran,2019,84,19,5,-1,101,113,5,2,24,6,,,,
Maldives,2019,1,18,4,25,1,1,18,2,21,4,,,,
Nepal,2019,29,20,6,0,34,35,29,2,32,6,,,,
Pakistan,2019,217,29,7,-1,294,369,62,4,36,4,,,,
Sri Lanka,2019,22,15,6,-5,22,20,9,2,25,8,,,,
Brunei,2019,0,15,4,0,1,1,9,2,22,5,,,,
Cambodia,2019,17,23,6,-2,20,22,24,3,31,4,,,,
Indonesia,2019,268,18,7,0,310,331,25,2,27,6,,,,
Laos,2019,7,24,8,-2,9,10,40,3,33,4,,,,
Malaysia,2019,33,16,5,1,38,41,6,2,24,6,,,,
Myanmar,2019,54,18,8,-3,60,62,39,2,28,6,,,,
Philippines,2019,108,21,6,-1,130,145,21,3,31,5,,,,
Singapore,2019,6,9,5,5,6,6,2,1,15,14,,,,
Thailand,2019,66,11,8,0,67,63,9,2,17,11,,,,
Timor-Leste,2019,1,30,6,-4,2,2,30,4,39,4,,,,
Vietnam,2019,96,15,7,-1,103,108,14,2,23,7,,,,
China,2019,1398,11,7,0,1425,1367,10,2,18,12,,,,
"China, Hong Kong SAR",2019,8,7,6,8,8,8,2,1,12,16,,,,
"China, Macao SAR",2019,1,9,3,16,1,1,2,1,13,11,,,,
Japan,2019,126,7,11,1,124,110,2,1,12,28,,,,
"Korea, North",2019,26,14,9,0,27,27,12,2,20,10,,,,
"Korea, South",2019,52,6,6,0,52,48,3,1,13,15,,,,
Mongolia,2019,3,25,6,0,4,5,13,3,31,4,,,,
Taiwan,2019,24,8,7,0,23,21,4,1,13,14,,,,
Channel Islands,2019,0,9,8,9,0,0,6,1,15,17,,,,
Denmark,2019,6,11,10,3,6,6,4,2,16,20,,,,
Estonia,2019,1,11,12,5,1,1,2,2,16,20,,,,
Finland,2019,6,9,10,3,6,6,2,1,16,22,,,,
Iceland,2019,0,12,7,19,0,0,3,2,19,14,,,,
Ireland,2019,5,13,6,7,6,6,3,2,21,14,,,,
Latvia,2019,2,10,15,-3,2,2,3,2,16,20,,,,
Lithuania,2019,3,10,14,-1,2,2,3,2,15,20,,,,
Norway,2019,5,10,8,3,6,6,2,2,18,17,,,,
Sweden,2019,10,11,9,8,11,12,2,2,18,20,,,,
United Kingdom,2019,67,11,9,4,70,75,4,2,18,18,,,,
Austria,2019,9,10,9,4,9,10,3,2,14,19,,,,
Belgium,2019,12,10,10,4,12,13,3,2,17,19,,,,
France,2019,65,11,9,-1,70,72,4,2,18,20,,,,
Germany,2019,83,10,12,4,82,79,3,2,13,21,,,,
Liechtenstein,2019,0,9,7,5,0,0,4,1,15,17,,,,
Luxembourg,2019,1,10,7,18,1,1,4,1,16,14,,,,
Monaco,2019,0,6,7,1,0,0,0,2,13,26,,,,
Netherlands,2019,17,10,9,5,18,18,3,2,16,19,,,,
Switzerland,2019,9,10,8,5,10,10,3,2,15,18,,,,
Belarus,2019,10,10,13,1,9,9,3,2,17,15,,,,
Bulgaria,2019,7,9,15,-1,6,6,6,2,14,21,,,,
Czechia,2019,11,11,11,4,11,11,3,2,16,20,,,,
Hungary,2019,10,9,13,3,9,9,3,2,15,19,,,,
Moldova,2019,4,10,10,0,3,3,10,1,16,12,,,,
Poland,2019,38,10,11,0,37,34,4,2,15,18,,,,
Romania,2019,19,9,12,-3,17,15,6,1,16,18,,,,
Russia,2019,147,11,13,1,144,139,5,2,18,15,,,,
Slovakia,2019,6,11,10,1,5,5,5,2,16,16,,,,
Ukraine,2019,42,8,14,0,38,34,7,1,15,17,,,,
Albania,2019,3,10,8,-5,3,2,9,2,17,14,,,,
Andorra,2019,0,7,4,-2,0,0,3,1,14,14,,,,
Bosnia-Herzegovina,2019,4,9,11,0,3,3,6,1,14,16,,,,
Croatia,2019,4,9,13,-8,4,3,4,1,14,20,,,,
Greece,2019,11,8,12,1,10,9,4,1,14,22,,,,
Italy,2019,60,7,11,1,60,58,3,1,13,23,,,,
Kosovok,2019,2,13,5,-4,2,2,11,2,25,8,,,,
Malta,2019,1,9,8,3,1,1,7,1,14,19,,,,
Montenegro,2019,1,12,11,-1,1,1,2,2,18,15,,,,
North Macedonia,2019,2,10,10,2,2,2,6,1,16,14,,,,
Portugal,2019,10,9,11,1,10,9,3,1,14,22,,,,
San Marino,2019,0,7,7,3,0,0,4,1,15,18,,,,
Serbia,2019,7,9,15,0,6,6,5,2,14,20,,,,
Slovenia,2019,2,10,10,1,2,2,2,2,15,20,,,,
Spain,2019,47,8,9,7,49,50,3,1,15,19,,,,
Australia,2019,25,13,6,10,32,37,3,2,19,16,,,,
Federated States of Micronesia,2019,0,24,5,-16,0,0,29,3,32,4,,,,
Fiji,2019,1,18,8,-6,1,1,14,2,29,6,,,,
French Polynesia,2019,0,15,6,-4,0,0,7,2,23,8,,,,
Guam,2019,0,18,6,-4,0,0,8,3,25,10,,,,
Kiribati,2019,0,28,7,-1,0,0,43,4,35,4,,,,
Marshall Islands,2019,0,25,4,-18,0,0,23,4,39,3,,,,
Nauru,2019,0,29,8,-11,0,0,35,4,40,13,,,,
New Caledonia,2019,0,17,6,4,0,0,4,2,23,9,,,,
New Zealand,2019,5,12,7,11,6,6,4,2,19,15,,,,
Palau,2019,0,14,9,-3,0,0,17,2,20,7,,,,
Papua New Guinea,2019,9,33,11,0,12,15,42,4,36,3,,,,
Samoa,2019,0,27,5,-16,0,0,14,4,38,5,,,,
Solomon Islands,2019,1,30,5,-3,1,1,19,4,40,4,,,,
Tonga,2019,0,24,7,-19,0,0,17,4,36,6,,,,
Tuvalu,2019,0,25,9,-12,0,0,21,4,31,5,,,,
Vanuatu,2019,0,29,4,0,0,1,28,4,39,4,,,,